# BitMiner24 2.0 — 16 MB Flash, A/B-Partitionen fuer OTA.
# App ab 0x10000, damit App-only-Flashen die NVS-Konfiguration des Kunden
# erhaelt (gleiche Gewohnheit wie bei 1.x). Layout geht exakt auf:
# nvs endet 0xE000, otadata endet 0x10000, dort beginnt ota_0 (64K-aligned).
# Name,     Type, SubType,  Offset,   Size
nvs,        data, nvs,      0x9000,   0x5000
otadata,    data, ota,      0xE000,   0x2000
ota_0,      app,  ota_0,    0x10000,  0x300000
ota_1,      app,  ota_1,    0x310000, 0x300000
storage,    data, spiffs,   0x610000, 0x9F0000
